{"z0": 50.0, "z1": -56.62918472290039, "uv": [[0.028735367581248283, 0.3014602065086365], [0.028735367581248283, 0.7156732082366943], [0.0146484375, 0.3857104480266571], [0.0146484375, 0.6258957386016846], [0.05460164323449135, 0.39147141575813293], [0.05460164323449135, 0.6195775270462036], [0.4461047947406769, 0.39440515637397766], [0.4461047947406769, 0.6163524389266968], [0.59765625, 0.4078121483325958], [0.59765625, 0.6015519499778748], [0.737244725227356, 0.3494092524051666], [0.737244725227356, 0.6652126312255859], [0.7373046875, 0.350037157535553], [0.7373046875, 0.6645403504371643], [0.8066571354866028, 0.35795295238494873], [0.8066571354866028, 0.6560404300689697], [0.8756584525108337, 0.25517770648002625], [0.8756584525108337, 0.7626659274101257], [0.921875, 0.3172812759876251], [0.921875, 0.6992197632789612]]}
