{"z0": 50.0, "z1": -56.64140319824219, "uv": [[0.028723526746034622, 0.3014713525772095], [0.028723526746034622, 0.7156952619552612], [0.0146484375, 0.38567647337913513], [0.0146484375, 0.6259574890136719], [0.054596442729234695, 0.39143770933151245], [0.054596442729234695, 0.6196381449699402], [0.4460752010345459, 0.3943115770816803], [0.4460752010345459, 0.616478443145752], [0.59765625, 0.4077235460281372], [0.59765625, 0.6016707420349121], [0.7372266054153442, 0.34927842020988464], [0.7372266054153442, 0.665382444858551], [0.7373046875, 0.3500955402851105], [0.7373046875, 0.6645074486732483], [0.8066710829734802, 0.35801318287849426], [0.8066710829734802, 0.6560042500495911], [0.8757089972496033, 0.25524288415908813], [0.8757089972496033, 0.7626351714134216], [0.921875, 0.3172939717769623], [0.921875, 0.6992391347885132]]}
