{"z0": 50.0, "z1": -84.7403564453125, "uv": [[0.05126764997839928, 0.14867737889289856], [0.05126764997839928, 0.9062990546226501], [0.3818359375, 0.07428217679262161], [0.3818359375, 0.9540727734565735], [0.36161983013153076, 0.08442134410142899], [0.36161983013153076, 0.9478365182876587], [0.41796875, 0.1275683492422104], [0.41796875, 0.9204046726226807], [0.5450214743614197, 0.11689548194408417], [0.5450214743614197, 0.9273474216461182], [0.8203125, 0.0374494232237339], [0.8203125, 0.9762786626815796], [0.7781854271888733, 0.08925773948431015], [0.7781854271888733, 0.9448378086090088], [0.9140625, 0.16160571575164795], [0.9140625, 0.897379994392395]]}
